variant,cluster,feature,cluster_mean,global_mean,ratio,std_deviations
with_ttl,0,ackdat,0.000902,0.031043,0.029065,-0.646233
with_ttl,0,ct_dst_ltm,3.797828,3.096686,1.226417,0.173922
with_ttl,0,ct_dst_sport_ltm,1.003204,1.441934,0.695735,-0.209318
with_ttl,0,ct_dst_src_ltm,2.888510,4.025292,0.717590,-0.184659
with_ttl,0,ct_flw_http_mthd,0.022556,0.181984,0.123945,-0.275450
with_ttl,0,ct_ftp_cmd,0.000000,0.017310,0.000000,-0.130326
with_ttl,0,ct_src_dport_ltm,1.654875,1.984017,0.834103,-0.098312
with_ttl,0,ct_src_ltm,4.502892,3.905532,1.152952,0.119776
with_ttl,0,ct_srv_dst,5.784469,4.784982,1.208880,0.161269
with_ttl,0,ct_srv_src,6.062216,5.094348,1.189989,0.154273
with_ttl,0,ct_state_ttl,0.018186,0.875747,0.020767,-0.966291
with_ttl,0,dbytes,57704.041450,23732.477242,2.431438,0.190189
with_ttl,0,dinpkt,7.286210,106.294249,0.068548,-0.090893
with_ttl,0,djit,391.513699,822.818710,0.475820,-0.089730
with_ttl,0,dload,4457040.563673,1089235.616224,4.091898,1.117474
with_ttl,0,dloss,27.130967,11.006367,2.465025,0.246432
with_ttl,0,dmean,443.318781,196.520809,2.255836,0.810787
with_ttl,0,dpkts,71.203296,30.059087,2.368778,0.301323
with_ttl,0,dttl,33.039660,121.600046,0.271708,-0.763351
with_ttl,0,dur,0.471171,1.355982,0.347476,-0.160247
with_ttl,0,dwin,255.000000,179.166781,1.423255,0.650590
with_ttl,0,is_sm_ips_ports,0.000000,0.005058,0.000000,-0.071304
with_ttl,0,rate,2708.873404,38690.934353,0.070013,-0.308511
with_ttl,0,response_body_len,1.783512,3442.631622,0.000518,-0.049903
with_ttl,0,sbytes,6132.894461,13825.409319,0.443596,-0.034552
with_ttl,0,sinpkt,8.019029,433.203393,0.018511,-0.096120
with_ttl,0,sjit,752.685101,5440.630147,0.138345,-0.115307
with_ttl,0,sload,1354187.842987,49681174.104178,0.027258,-0.228599
with_ttl,0,sloss,8.997919,7.900743,1.138870,0.013056
with_ttl,0,smean,139.138000,171.053843,0.813416,-0.128956
with_ttl,0,spkts,54.959632,30.190459,1.820431,0.142830
with_ttl,0,sttl,31.603646,143.052246,0.220924,-1.034079
with_ttl,0,swin,255.000000,180.556553,1.412300,0.642132
with_ttl,0,synack,0.001128,0.032020,0.035213,-0.614156
with_ttl,0,tcprtt,0.002030,0.063064,0.032187,-0.671540
with_ttl,0,trans_depth,0.022514,0.166642,0.135107,-0.147622
with_ttl,1,ackdat,0.067736,0.031043,2.181976,0.786698
with_ttl,1,ct_dst_ltm,1.853082,3.096686,0.598408,-0.308484
with_ttl,1,ct_dst_sport_ltm,1.027536,1.441934,0.712609,-0.197709
with_ttl,1,ct_dst_src_ltm,2.229526,4.025292,0.553879,-0.291705
with_ttl,1,ct_flw_http_mthd,0.212116,0.181984,1.165571,0.052059
with_ttl,1,ct_ftp_cmd,0.000000,0.017310,0.000000,-0.130326
with_ttl,1,ct_src_dport_ltm,1.099840,1.984017,0.554350,-0.264097
with_ttl,1,ct_src_ltm,2.198792,3.905532,0.562994,-0.342216
with_ttl,1,ct_srv_dst,1.813644,4.784982,0.379028,-0.479431
with_ttl,1,ct_srv_src,2.230769,5.094348,0.437891,-0.456438
with_ttl,1,ct_state_ttl,0.974951,0.875747,1.113279,0.111782
with_ttl,1,dbytes,3087.581098,23732.477242,0.130099,-0.115580
with_ttl,1,dinpkt,123.910030,106.294249,1.165727,0.016172
with_ttl,1,djit,338.542198,822.818710,0.411442,-0.100751
with_ttl,1,dload,8028.110504,1089235.616224,0.007370,-0.358756
with_ttl,1,dloss,5.019719,11.006367,0.456074,-0.091494
with_ttl,1,dmean,67.651448,196.520809,0.344246,-0.423365
with_ttl,1,dpkts,41.776870,30.059087,1.389825,0.085816
with_ttl,1,dttl,245.977261,121.600046,2.022839,1.072076
with_ttl,1,dur,3.697161,1.355982,2.726556,0.424008
with_ttl,1,dwin,254.682892,179.166781,1.421485,0.647869
with_ttl,1,is_sm_ips_ports,0.000000,0.005058,0.000000,-0.071304
with_ttl,1,rate,59.137771,38690.934353,0.001528,-0.331230
with_ttl,1,response_body_len,9.281045,3442.631622,0.002696,-0.049794
with_ttl,1,sbytes,221179.316575,13825.409319,15.998030,0.931368
with_ttl,1,sinpkt,47.948129,433.203393,0.110683,-0.087093
with_ttl,1,sjit,5715.033332,5440.630147,1.050436,0.006749
with_ttl,1,sload,376375.112562,49681174.104178,0.007576,-0.233224
with_ttl,1,sloss,88.124889,7.900743,11.154001,0.954647
with_ttl,1,smean,962.899982,171.053843,5.629222,3.199445
with_ttl,1,spkts,182.751821,30.190459,6.053297,0.879737
with_ttl,1,sttl,168.537218,143.052246,1.178151,0.236463
with_ttl,1,swin,254.682892,180.556553,1.410544,0.639397
with_ttl,1,synack,0.069284,0.032020,2.163740,0.740805
with_ttl,1,tcprtt,0.137020,0.063064,2.172717,0.813718
with_ttl,1,trans_depth,0.181915,0.166642,1.091653,0.015643
with_ttl,2,ackdat,0.000000,0.031043,0.000000,-0.665578
with_ttl,2,ct_dst_ltm,2.714154,3.096686,0.876470,-0.094890
with_ttl,2,ct_dst_sport_ltm,1.778908,1.441934,1.233696,0.160770
with_ttl,2,ct_dst_src_ltm,5.709528,4.025292,1.418413,0.273588
with_ttl,2,ct_flw_http_mthd,0.000000,0.181984,0.000000,-0.314421
with_ttl,2,ct_ftp_cmd,0.000000,0.017310,0.000000,-0.130326
with_ttl,2,ct_src_dport_ltm,2.218845,1.984017,1.118360,0.070141
with_ttl,2,ct_src_ltm,4.269526,3.905532,1.093200,0.072984
with_ttl,2,ct_srv_dst,5.640544,4.784982,1.178802,0.138046
with_ttl,2,ct_srv_src,5.904189,5.094348,1.158969,0.129084
with_ttl,2,ct_state_ttl,2.100040,0.875747,2.397998,1.379521
with_ttl,2,dbytes,0.000000,23732.477242,0.000000,-0.132866
with_ttl,2,dinpkt,0.000000,106.294249,0.000000,-0.097582
with_ttl,2,djit,0.000000,822.818710,0.000000,-0.171182
with_ttl,2,dload,0.000000,1089235.616224,0.000000,-0.361420
with_ttl,2,dloss,0.000000,11.006367,0.000000,-0.168210
with_ttl,2,dmean,0.000000,196.520809,0.000000,-0.645615
with_ttl,2,dpkts,0.000000,30.059087,0.000000,-0.220140
with_ttl,2,dttl,0.000000,121.600046,0.000000,-1.048138
with_ttl,2,dur,0.000864,1.355982,0.000637,-0.245424
with_ttl,2,dwin,0.000000,179.166781,0.000000,-1.537111
with_ttl,2,is_sm_ips_ports,0.000000,0.005058,0.000000,-0.071304
with_ttl,2,rate,219291.874333,38690.934353,5.667784,1.548478
with_ttl,2,response_body_len,0.000000,3442.631622,0.000000,-0.049928
with_ttl,2,sbytes,391.900093,13825.409319,0.028346,-0.060339
with_ttl,2,sinpkt,113.960798,433.203393,0.263065,-0.072170
with_ttl,2,sjit,113.965036,5440.630147,0.020947,-0.131017
with_ttl,2,sload,292139512.646051,49681174.104178,5.880286,1.146888
with_ttl,2,sloss,0.022070,7.900743,0.002793,-0.093754
with_ttl,2,smean,192.950641,171.053843,1.128011,0.088474
with_ttl,2,spkts,2.035549,30.190459,0.067424,-0.162354
with_ttl,2,sttl,252.591648,143.052246,1.765730,1.016365
with_ttl,2,swin,5.596075,180.556553,0.030993,-1.509170
with_ttl,2,synack,0.000000,0.032020,0.000000,-0.636572
with_ttl,2,tcprtt,0.000000,0.063064,0.000000,-0.693874
with_ttl,2,trans_depth,0.000000,0.166642,0.000000,-0.170682
with_ttl,3,ackdat,0.072259,0.031043,2.327672,0.883670
with_ttl,3,ct_dst_ltm,1.727005,3.096686,0.557695,-0.339758
with_ttl,3,ct_dst_sport_ltm,1.035155,1.441934,0.717893,-0.194074
with_ttl,3,ct_dst_src_ltm,2.800135,4.025292,0.695635,-0.199015
with_ttl,3,ct_flw_http_mthd,0.161063,0.181984,0.885037,-0.036147
with_ttl,3,ct_ftp_cmd,0.000031,0.017310,0.001771,-0.130095
with_ttl,3,ct_src_dport_ltm,1.295890,1.984017,0.653165,-0.205539
with_ttl,3,ct_src_ltm,2.556288,3.905532,0.654530,-0.270535
with_ttl,3,ct_srv_dst,2.838784,4.784982,0.593269,-0.314023
with_ttl,3,ct_srv_src,3.407147,5.094348,0.668809,-0.268930
with_ttl,3,ct_state_ttl,1.051798,0.875747,1.201029,0.198372
with_ttl,3,dbytes,997.020198,23732.477242,0.042011,-0.127284
with_ttl,3,dinpkt,208.069742,106.294249,1.957488,0.093434
with_ttl,3,djit,689.979793,822.818710,0.838556,-0.027636
with_ttl,3,dload,7527.149482,1089235.616224,0.006910,-0.358922
with_ttl,3,dloss,2.047415,11.006367,0.186021,-0.136920
with_ttl,3,dmean,75.952493,196.520809,0.386486,-0.396094
with_ttl,3,dpkts,8.823612,30.059087,0.293542,-0.155520
with_ttl,3,dttl,249.927453,121.600046,2.055324,1.106125
with_ttl,3,dur,1.291887,1.355982,0.952732,-0.011608
with_ttl,3,dwin,254.974377,179.166781,1.423112,0.650370
with_ttl,3,is_sm_ips_ports,0.000000,0.005058,0.000000,-0.071304
with_ttl,3,rate,27.973788,38690.934353,0.000723,-0.331497
with_ttl,3,response_body_len,0.733871,3442.631622,0.000213,-0.049918
with_ttl,3,sbytes,1312.799583,13825.409319,0.094956,-0.056203
with_ttl,3,sinpkt,154.487587,433.203393,0.356617,-0.063008
with_ttl,3,sjit,12475.296841,5440.630147,2.292987,0.173028
with_ttl,3,sload,14930.822810,49681174.104178,0.000301,-0.234934
with_ttl,3,sloss,2.722622,7.900743,0.344603,-0.061618
with_ttl,3,smean,108.681338,171.053843,0.635363,-0.252015
with_ttl,3,spkts,11.435192,30.190459,0.378768,-0.108151
with_ttl,3,sttl,225.822815,143.052246,1.578604,0.767989
with_ttl,3,swin,254.967113,180.556553,1.412118,0.641849
with_ttl,3,synack,0.075687,0.032020,2.363714,0.868102
with_ttl,3,tcprtt,0.147946,0.063064,2.345972,0.933935
with_ttl,3,trans_depth,0.161461,0.166642,0.968912,-0.005306
with_ttl,4,ackdat,0.044764,0.031043,1.441998,0.294184
with_ttl,4,ct_dst_ltm,2.122276,3.096686,0.685338,-0.241709
with_ttl,4,ct_dst_sport_ltm,1.044535,1.441934,0.724398,-0.189599
with_ttl,4,ct_dst_src_ltm,1.819440,4.025292,0.452002,-0.358319
with_ttl,4,ct_flw_http_mthd,1.090886,0.181984,5.994390,1.570343
with_ttl,4,ct_ftp_cmd,0.000000,0.017310,0.000000,-0.130326
with_ttl,4,ct_src_dport_ltm,1.206071,1.984017,0.607893,-0.232367
with_ttl,4,ct_src_ltm,2.867693,3.905532,0.734264,-0.208096
with_ttl,4,ct_srv_dst,1.732791,4.784982,0.362131,-0.492476
with_ttl,4,ct_srv_src,1.861207,5.094348,0.365348,-0.515344
with_ttl,4,ct_state_ttl,0.702006,0.875747,0.801608,-0.195770
with_ttl,4,dbytes,96115.436527,23732.477242,4.049954,0.405234
with_ttl,4,dinpkt,99.604178,106.294249,0.937061,-0.006142
with_ttl,4,djit,4296.455258,822.818710,5.221630,0.722669
with_ttl,4,dload,261979.494111,1089235.616224,0.240517,-0.274492
with_ttl,4,dloss,36.173988,11.006367,3.286642,0.384637
with_ttl,4,dmean,564.784763,196.520809,2.873918,1.209829
with_ttl,4,dpkts,77.956244,30.059087,2.593434,0.350778
with_ttl,4,dttl,184.588551,121.600046,1.517997,0.542933
with_ttl,4,dur,2.034046,1.355982,1.500053,0.122803
with_ttl,4,dwin,255.000000,179.166781,1.423255,0.650590
with_ttl,4,is_sm_ips_ports,0.000000,0.005058,0.000000,-0.071304
with_ttl,4,rate,61.182268,38690.934353,0.001581,-0.331213
with_ttl,4,response_body_len,32064.172259,3442.631622,9.313855,0.415098
with_ttl,4,sbytes,2131.020841,13825.409319,0.154138,-0.052527
with_ttl,4,sinpkt,119.116907,433.203393,0.274968,-0.071004
with_ttl,4,sjit,9412.654689,5440.630147,1.730067,0.097698
with_ttl,4,sload,16850.241998,49681174.104178,0.000339,-0.234925
with_ttl,4,sloss,2.804825,7.900743,0.355008,-0.060640
with_ttl,4,smean,95.030872,171.053843,0.555561,-0.307170
with_ttl,4,spkts,29.669319,30.190459,0.982738,-0.003005
with_ttl,4,sttl,61.001557,143.052246,0.426429,-0.761310
with_ttl,4,swin,255.000000,180.556553,1.412300,0.642132
with_ttl,4,synack,0.043087,0.032020,1.345607,0.220004
with_ttl,4,tcprtt,0.087851,0.063064,1.393056,0.272731
with_ttl,4,trans_depth,0.961605,0.166642,5.770487,0.814235
with_ttl,5,ackdat,0.000005,0.031043,0.000158,-0.665473
with_ttl,5,ct_dst_ltm,3.378179,3.096686,1.090901,0.069826
with_ttl,5,ct_dst_sport_ltm,1.034501,1.441934,0.717440,-0.194386
with_ttl,5,ct_dst_src_ltm,2.534946,4.025292,0.629754,-0.242092
with_ttl,5,ct_flw_http_mthd,0.000000,0.181984,0.000000,-0.314421
with_ttl,5,ct_ftp_cmd,0.000000,0.017310,0.000000,-0.130326
with_ttl,5,ct_src_dport_ltm,1.283567,1.984017,0.646954,-0.209219
with_ttl,5,ct_src_ltm,3.895252,3.905532,0.997368,-0.002061
with_ttl,5,ct_srv_dst,4.321625,4.784982,0.903164,-0.074763
with_ttl,5,ct_srv_src,4.269251,5.094348,0.838037,-0.131516
with_ttl,5,ct_state_ttl,0.035124,0.875747,0.040107,-0.947206
with_ttl,5,dbytes,229.880847,23732.477242,0.009686,-0.131579
with_ttl,5,dinpkt,3.735642,106.294249,0.035144,-0.094152
with_ttl,5,djit,5.264618,822.818710,0.006398,-0.170087
with_ttl,5,dload,592973.098694,1089235.616224,0.544394,-0.164665
with_ttl,5,dloss,0.000267,11.006367,0.000024,-0.168206
with_ttl,5,dmean,86.383336,196.520809,0.439563,-0.361826
with_ttl,5,dpkts,2.691179,30.059087,0.089530,-0.200431
with_ttl,5,dttl,31.151787,121.600046,0.256182,-0.779624
with_ttl,5,dur,0.026448,1.355982,0.019504,-0.240790
with_ttl,5,dwin,0.068024,179.166781,0.000380,-1.536528
with_ttl,5,is_sm_ips_ports,0.000000,0.005058,0.000000,-0.071304
with_ttl,5,rate,2511.875825,38690.934353,0.064922,-0.310200
with_ttl,5,response_body_len,0.000000,3442.631622,0.000000,-0.049928
with_ttl,5,sbytes,281.136671,13825.409319,0.020335,-0.060837
with_ttl,5,sinpkt,5.453188,433.203393,0.012588,-0.096700
with_ttl,5,sjit,7.851076,5440.630147,0.001443,-0.133627
with_ttl,5,sload,644623.717326,49681174.104178,0.012975,-0.231955
with_ttl,5,sloss,0.000267,7.900743,0.000034,-0.094014
with_ttl,5,smean,94.846345,171.053843,0.554482,-0.307916
with_ttl,5,spkts,2.650365,30.190459,0.087788,-0.158808
with_ttl,5,sttl,36.895607,143.052246,0.257917,-0.984978
with_ttl,5,swin,0.113374,180.556553,0.000628,-1.556462
with_ttl,5,synack,0.000006,0.032020,0.000194,-0.636449
with_ttl,5,tcprtt,0.000011,0.063064,0.000176,-0.693752
with_ttl,5,trans_depth,0.000000,0.166642,0.000000,-0.170682
with_ttl,6,ackdat,0.000355,0.031043,0.011451,-0.657957
with_ttl,6,ct_dst_ltm,3.336935,3.096686,1.077582,0.059595
with_ttl,6,ct_dst_sport_ltm,1.509791,1.441934,1.047059,0.032374
with_ttl,6,ct_dst_src_ltm,5.139770,4.025292,1.276869,0.181036
with_ttl,6,ct_flw_http_mthd,0.000000,0.181984,0.000000,-0.314421
with_ttl,6,ct_ftp_cmd,0.000000,0.017310,0.000000,-0.130326
with_ttl,6,ct_src_dport_ltm,1.629305,1.984017,0.821215,-0.105950
with_ttl,6,ct_src_ltm,4.126941,3.905532,1.056691,0.044395
with_ttl,6,ct_srv_dst,4.736664,4.784982,0.989902,-0.007796
with_ttl,6,ct_srv_src,4.955436,5.094348,0.972732,-0.022142
with_ttl,6,ct_state_ttl,2.853477,0.875747,3.258335,2.228487
with_ttl,6,dbytes,1153.534099,23732.477242,0.048606,-0.126408
with_ttl,6,dinpkt,1645.460702,106.294249,15.480242,1.413010
with_ttl,6,djit,369.438108,822.818710,0.448991,-0.094323
with_ttl,6,dload,355.167955,1089235.616224,0.000326,-0.361302
with_ttl,6,dloss,0.013504,11.006367,0.001227,-0.168004
with_ttl,6,dmean,18.431465,196.520809,0.093789,-0.585063
with_ttl,6,dpkts,4.721810,30.059087,0.157084,-0.185559
with_ttl,6,dttl,4.560432,121.600046,0.037504,-1.008829
with_ttl,6,dur,26.042923,1.355982,19.205945,4.471022
with_ttl,6,dwin,1.721810,179.166781,0.009610,-1.522339
with_ttl,6,is_sm_ips_ports,0.000000,0.005058,0.000000,-0.071304
with_ttl,6,rate,3.661190,38690.934353,0.000095,-0.331706
with_ttl,6,response_body_len,0.000000,3442.631622,0.000000,-0.049928
with_ttl,6,sbytes,9748.996624,13825.409319,0.705151,-0.018310
with_ttl,6,sinpkt,3660.750234,433.203393,8.450419,0.729638
with_ttl,6,sjit,4906.346483,5440.630147,0.901797,-0.013142
with_ttl,6,sload,4255.426624,49681174.104178,0.000086,-0.234984
with_ttl,6,sloss,0.711681,7.900743,0.090078,-0.085548
with_ttl,6,smean,167.604321,171.053843,0.979834,-0.013938
with_ttl,6,spkts,35.457799,30.190459,1.174470,0.030374
with_ttl,6,sttl,224.311276,143.052246,1.568037,0.753965
with_ttl,6,swin,35.469278,180.556553,0.196444,-1.251490
with_ttl,6,synack,0.000320,0.032020,0.010003,-0.630205
with_ttl,6,tcprtt,0.000676,0.063064,0.010716,-0.686439
with_ttl,6,trans_depth,0.000000,0.166642,0.000000,-0.170682
with_ttl,7,ackdat,0.000044,0.031043,0.001410,-0.664640
with_ttl,7,ct_dst_ltm,16.576923,3.096686,5.353116,3.343857
with_ttl,7,ct_dst_sport_ltm,9.918132,1.441934,6.878352,4.043993
with_ttl,7,ct_dst_src_ltm,30.187363,4.025292,7.499421,4.249774
with_ttl,7,ct_flw_http_mthd,0.000275,0.181984,0.001510,-0.313947
with_ttl,7,ct_ftp_cmd,0.000000,0.017310,0.000000,-0.130326
with_ttl,7,ct_src_dport_ltm,16.044505,1.984017,8.086879,4.199766
with_ttl,7,ct_src_ltm,16.732143,3.905532,4.284216,2.571849
with_ttl,7,ct_srv_dst,30.057143,4.784982,6.281558,4.077707
with_ttl,7,ct_srv_src,30.208516,5.094348,5.929811,4.003058
with_ttl,7,ct_state_ttl,2.057692,0.875747,2.349642,1.331804
with_ttl,7,dbytes,1.247802,23732.477242,0.000053,-0.132859
with_ttl,7,dinpkt,0.055730,106.294249,0.000524,-0.097531
with_ttl,7,djit,1.350398,822.818710,0.001641,-0.170901
with_ttl,7,dload,21.288494,1089235.616224,0.000020,-0.361413
with_ttl,7,dloss,0.001374,11.006367,0.000125,-0.168189
with_ttl,7,dmean,0.150275,196.520809,0.000765,-0.645121
with_ttl,7,dpkts,0.007143,30.059087,0.000238,-0.220088
with_ttl,7,dttl,0.276923,121.600046,0.002277,-1.045751
with_ttl,7,dur,0.213882,1.355982,0.157732,-0.206844
with_ttl,7,dwin,0.210165,179.166781,0.001173,-1.535308
with_ttl,7,is_sm_ips_ports,0.000000,0.005058,0.000000,-0.071304
with_ttl,7,rate,206994.169300,38690.934353,5.349940,1.443037
with_ttl,7,response_body_len,0.000000,3442.631622,0.000000,-0.049928
with_ttl,7,sbytes,359.475275,13825.409319,0.026001,-0.060485
with_ttl,7,sinpkt,58.123163,433.203393,0.134171,-0.084793
with_ttl,7,sjit,91.946228,5440.630147,0.016900,-0.131559
with_ttl,7,sload,244112166.245216,49681174.104178,4.913575,0.919707
with_ttl,7,sloss,0.070879,7.900743,0.008971,-0.093173
with_ttl,7,smean,175.713736,171.053843,1.027242,0.018828
with_ttl,7,spkts,2.069231,30.190459,0.068539,-0.162160
with_ttl,7,sttl,253.159341,143.052246,1.769698,1.021632
with_ttl,7,swin,4.133242,180.556553,0.022892,-1.521788
with_ttl,7,synack,0.000034,0.032020,0.001049,-0.635904
with_ttl,7,tcprtt,0.000077,0.063064,0.001227,-0.693023
with_ttl,7,trans_depth,0.000275,0.166642,0.001649,-0.170400
with_ttl,8,ackdat,0.000000,0.031043,0.000000,-0.665578
with_ttl,8,ct_dst_ltm,1.590826,3.096686,0.513719,-0.373538
with_ttl,8,ct_dst_sport_ltm,1.590826,1.441934,1.103258,0.071036
with_ttl,8,ct_dst_src_ltm,1.853211,4.025292,0.460392,-0.352833
with_ttl,8,ct_flw_http_mthd,0.000000,0.181984,0.000000,-0.314421
with_ttl,8,ct_ftp_cmd,0.000000,0.017310,0.000000,-0.130326
with_ttl,8,ct_src_dport_ltm,1.574312,1.984017,0.793497,-0.122376
with_ttl,8,ct_src_ltm,1.574312,3.905532,0.403098,-0.467430
with_ttl,8,ct_srv_dst,1.981651,4.784982,0.414140,-0.452322
with_ttl,8,ct_srv_src,1.853211,5.094348,0.363778,-0.516619
with_ttl,8,ct_state_ttl,2.014679,0.875747,2.300526,1.283337
with_ttl,8,dbytes,0.000000,23732.477242,0.000000,-0.132866
with_ttl,8,dinpkt,0.000000,106.294249,0.000000,-0.097582
with_ttl,8,djit,0.000000,822.818710,0.000000,-0.171182
with_ttl,8,dload,0.000000,1089235.616224,0.000000,-0.361420
with_ttl,8,dloss,0.000000,11.006367,0.000000,-0.168210
with_ttl,8,dmean,0.000000,196.520809,0.000000,-0.645615
with_ttl,8,dpkts,0.000000,30.059087,0.000000,-0.220140
with_ttl,8,dttl,0.000000,121.600046,0.000000,-1.048138
with_ttl,8,dur,8.695945,1.355982,6.413022,1.329332
with_ttl,8,dwin,0.000000,179.166781,0.000000,-1.537111
with_ttl,8,is_sm_ips_ports,1.000000,0.005058,197.688073,14.024553
with_ttl,8,rate,159.857820,38690.934353,0.004132,-0.330367
with_ttl,8,response_body_len,0.000000,3442.631622,0.000000,-0.049928
with_ttl,8,sbytes,53.827523,13825.409319,0.003893,-0.061858
with_ttl,8,sinpkt,59119.785640,433.203393,136.471197,13.267023
with_ttl,8,sjit,6.741024,5440.630147,0.001239,-0.133655
with_ttl,8,sload,54991.148650,49681174.104178,0.001107,-0.234744
with_ttl,8,sloss,0.003670,7.900743,0.000464,-0.093973
with_ttl,8,smean,45.988991,171.053843,0.268857,-0.505323
with_ttl,8,spkts,1.170642,30.190459,0.038775,-0.167341
with_ttl,8,sttl,0.932110,143.052246,0.006516,-1.318666
with_ttl,8,swin,0.935780,180.556553,0.005183,-1.549368
with_ttl,8,synack,0.000000,0.032020,0.000000,-0.636572
with_ttl,8,tcprtt,0.000000,0.063064,0.000000,-0.693874
with_ttl,8,trans_depth,0.000000,0.166642,0.000000,-0.170682
with_ttl,9,ackdat,0.035589,0.031043,1.146429,0.097460
with_ttl,9,ct_dst_ltm,3.166938,3.096686,1.022686,0.017426
with_ttl,9,ct_dst_sport_ltm,1.002710,1.441934,0.695392,-0.209554
with_ttl,9,ct_dst_src_ltm,3.201626,4.025292,0.795377,-0.133797
with_ttl,9,ct_flw_http_mthd,0.000000,0.181984,0.000000,-0.314421
with_ttl,9,ct_ftp_cmd,1.010298,0.017310,58.364353,7.476077
with_ttl,9,ct_src_dport_ltm,1.022222,1.984017,0.515229,-0.287281
with_ttl,9,ct_src_ltm,3.979946,3.905532,1.019053,0.014921
with_ttl,9,ct_srv_dst,1.194038,4.784982,0.249539,-0.579405
with_ttl,9,ct_srv_src,1.234146,5.094348,0.242258,-0.615294
with_ttl,9,ct_state_ttl,0.543089,0.875747,0.620144,-0.374835
with_ttl,9,dbytes,2536.498645,23732.477242,0.106879,-0.118665
with_ttl,9,dinpkt,86.675946,106.294249,0.815434,-0.018010
with_ttl,9,djit,2455.128817,822.818710,2.983803,0.339592
with_ttl,9,dload,144460.279494,1089235.616224,0.132625,-0.313487
with_ttl,9,dloss,11.108401,11.006367,1.009270,0.001559
with_ttl,9,dmean,71.138753,196.520809,0.361991,-0.411908
with_ttl,9,dpkts,35.665041,30.059087,1.186498,0.041056
with_ttl,9,dttl,149.383740,121.600046,1.228484,0.239483
with_ttl,9,dur,2.108646,1.355982,1.555069,0.136314
with_ttl,9,dwin,255.000000,179.166781,1.423255,0.650590
with_ttl,9,is_sm_ips_ports,0.000000,0.005058,0.000000,-0.071304
with_ttl,9,rate,516.827336,38690.934353,0.013358,-0.327306
with_ttl,9,response_body_len,0.000000,3442.631622,0.000000,-0.049928
with_ttl,9,sbytes,2612.086721,13825.409319,0.188934,-0.050367
with_ttl,9,sinpkt,83.131746,433.203393,0.191900,-0.079139
with_ttl,9,sjit,5756.180480,5440.630147,1.057999,0.007761
with_ttl,9,sload,117028.908546,49681174.104178,0.002356,-0.234451
with_ttl,9,sloss,8.695393,7.900743,1.100579,0.009456
with_ttl,9,smean,65.748509,171.053843,0.384373,-0.425485
with_ttl,9,spkts,35.717073,30.190459,1.183058,0.031869
with_ttl,9,sttl,75.416260,143.052246,0.527194,-0.627563
with_ttl,9,swin,255.000000,180.556553,1.412300,0.642132
with_ttl,9,synack,0.034916,0.032020,1.090438,0.057570
with_ttl,9,tcprtt,0.070505,0.063064,1.117999,0.081877
with_ttl,9,trans_depth,0.000000,0.166642,0.000000,-0.170682
without_ttl,0,ackdat,0.071240,0.031043,2.294868,0.861836
without_ttl,0,ct_dst_ltm,1.778348,3.096686,0.574274,-0.327022
without_ttl,0,ct_dst_sport_ltm,1.035561,1.441934,0.718175,-0.193880
without_ttl,0,ct_dst_src_ltm,2.824134,4.025292,0.701597,-0.195116
without_ttl,0,ct_flw_http_mthd,0.155870,0.181984,0.856501,-0.045119
without_ttl,0,ct_ftp_cmd,0.000030,0.017310,0.001753,-0.130098
without_ttl,0,ct_src_dport_ltm,1.328367,1.984017,0.669534,-0.195838
without_ttl,0,ct_src_ltm,2.593379,3.905532,0.664027,-0.263098
without_ttl,0,ct_srv_dst,2.889310,4.784982,0.603829,-0.305870
without_ttl,0,ct_srv_src,3.451194,5.094348,0.677456,-0.261909
without_ttl,0,dbytes,969.535061,23732.477242,0.040853,-0.127438
without_ttl,0,dinpkt,279.693114,106.294249,2.631310,0.159186
without_ttl,0,djit,731.044599,822.818710,0.888464,-0.019093
without_ttl,0,dload,7921.971220,1089235.616224,0.007273,-0.358791
without_ttl,0,dloss,2.029614,11.006367,0.184404,-0.137192
without_ttl,0,dmean,77.726644,196.520809,0.395514,-0.390265
without_ttl,0,dpkts,8.827897,30.059087,0.293685,-0.155488
without_ttl,0,dttl,246.762145,121.600046,2.029293,1.078841
without_ttl,0,dur,1.421381,1.355982,1.048230,0.011844
without_ttl,0,dwin,253.711321,179.166781,1.416062,0.639534
without_ttl,0,is_sm_ips_ports,0.000000,0.005058,0.000000,-0.071304
without_ttl,0,rate,27.816841,38690.934353,0.000719,-0.331499
without_ttl,0,response_body_len,0.465849,3442.631622,0.000135,-0.049922
without_ttl,0,sbytes,1295.579998,13825.409319,0.093710,-0.056280
without_ttl,0,sinpkt,232.016905,433.203393,0.535584,-0.045481
without_ttl,0,sjit,12532.834616,5440.630147,2.303563,0.174444
without_ttl,0,sload,14473.655377,49681174.104178,0.000291,-0.234936
without_ttl,0,sloss,2.711108,7.900743,0.343146,-0.061755
without_ttl,0,smean,107.411749,171.053843,0.627941,-0.257145
without_ttl,0,spkts,11.417453,30.190459,0.378181,-0.108254
without_ttl,0,swin,254.077647,180.556553,1.407192,0.634176
without_ttl,0,synack,0.074704,0.032020,2.333019,0.848562
without_ttl,0,tcprtt,0.145945,0.063064,2.314239,0.911916
without_ttl,0,trans_depth,0.156143,0.166642,0.936996,-0.010754
without_ttl,1,ackdat,0.000000,0.031043,0.000000,-0.665578
without_ttl,1,ct_dst_ltm,2.713973,3.096686,0.876412,-0.094934
without_ttl,1,ct_dst_sport_ltm,1.780357,1.441934,1.234700,0.161461
without_ttl,1,ct_dst_src_ltm,5.706148,4.025292,1.417573,0.273039
without_ttl,1,ct_flw_http_mthd,0.000000,0.181984,0.000000,-0.314421
without_ttl,1,ct_ftp_cmd,0.000000,0.017310,0.000000,-0.130326
without_ttl,1,ct_src_dport_ltm,2.220572,1.984017,1.119230,0.070657
without_ttl,1,ct_src_ltm,4.274886,3.905532,1.094572,0.074059
without_ttl,1,ct_srv_dst,5.638438,4.784982,1.178361,0.137706
without_ttl,1,ct_srv_src,5.903575,5.094348,1.158848,0.128986
without_ttl,1,dbytes,0.000000,23732.477242,0.000000,-0.132866
without_ttl,1,dinpkt,0.000000,106.294249,0.000000,-0.097582
without_ttl,1,djit,0.000000,822.818710,0.000000,-0.171182
without_ttl,1,dload,0.000000,1089235.616224,0.000000,-0.361420
without_ttl,1,dloss,0.000000,11.006367,0.000000,-0.168210
without_ttl,1,dmean,0.000000,196.520809,0.000000,-0.645615
without_ttl,1,dpkts,0.000000,30.059087,0.000000,-0.220140
without_ttl,1,dttl,0.000000,121.600046,0.000000,-1.048138
without_ttl,1,dur,0.000435,1.355982,0.000320,-0.245502
without_ttl,1,dwin,0.000000,179.166781,0.000000,-1.537111
without_ttl,1,is_sm_ips_ports,0.000000,0.005058,0.000000,-0.071304
without_ttl,1,rate,219959.145412,38690.934353,5.685031,1.554199
without_ttl,1,response_body_len,0.000000,3442.631622,0.000000,-0.049928
without_ttl,1,sbytes,391.420718,13825.409319,0.028312,-0.060341
without_ttl,1,sinpkt,114.462931,433.203393,0.264224,-0.072056
without_ttl,1,sjit,114.514330,5440.630147,0.021048,-0.131004
without_ttl,1,sload,293142576.724941,49681174.104178,5.900476,1.151633
without_ttl,1,sloss,0.022017,7.900743,0.002787,-0.093755
without_ttl,1,smean,193.454539,171.053843,1.130957,0.090510
without_ttl,1,spkts,2.006035,30.190459,0.066446,-0.162524
without_ttl,1,swin,5.582665,180.556553,0.030919,-1.509285
without_ttl,1,synack,0.000000,0.032020,0.000000,-0.636572
without_ttl,1,tcprtt,0.000000,0.063064,0.000000,-0.693874
without_ttl,1,trans_depth,0.000000,0.166642,0.000000,-0.170682
without_ttl,2,ackdat,0.031651,0.031043,1.019583,0.013034
without_ttl,2,ct_dst_ltm,2.720120,3.096686,0.878397,-0.093410
without_ttl,2,ct_dst_sport_ltm,1.008712,1.441934,0.699555,-0.206690
without_ttl,2,ct_dst_src_ltm,2.604138,4.025292,0.646944,-0.230853
without_ttl,2,ct_flw_http_mthd,0.234141,0.181984,1.286599,0.090113
without_ttl,2,ct_ftp_cmd,0.000000,0.017310,0.000000,-0.130326
without_ttl,2,ct_src_dport_ltm,1.408930,1.984017,0.710140,-0.171774
without_ttl,2,ct_src_ltm,3.286414,3.905532,0.841477,-0.124139
without_ttl,2,ct_srv_dst,4.044378,4.784982,0.845223,-0.119498
without_ttl,2,ct_srv_src,4.143752,5.094348,0.813402,-0.151520
without_ttl,2,dbytes,530780.107814,23732.477242,22.365137,2.838694
without_ttl,2,dinpkt,28.233110,106.294249,0.265613,-0.071663
without_ttl,2,djit,4002.834046,822.818710,4.864782,0.661583
without_ttl,2,dload,1497754.465826,1089235.616224,1.375051,0.135551
without_ttl,2,dloss,195.715764,11.006367,17.782049,2.822912
without_ttl,2,dmean,1137.789273,196.520809,5.789663,3.092277
without_ttl,2,dpkts,415.803430,30.059087,13.832870,2.825028
without_ttl,2,dttl,138.732644,121.600046,1.140893,0.147675
without_ttl,2,dur,5.576242,1.355982,4.112326,0.764326
without_ttl,2,dwin,254.305745,179.166781,1.419380,0.644634
without_ttl,2,is_sm_ips_ports,0.000000,0.005058,0.000000,-0.071304
without_ttl,2,rate,216.035061,38690.934353,0.005584,-0.329885
without_ttl,2,response_body_len,89983.755513,3442.631622,26.138073,1.255105
without_ttl,2,sbytes,9949.655050,13825.409319,0.719664,-0.017409
without_ttl,2,sinpkt,59.271840,433.203393,0.136822,-0.084533
without_ttl,2,sjit,5843.228614,5440.630147,1.073998,0.009903
without_ttl,2,sload,31166.382510,49681174.104178,0.000627,-0.234857
without_ttl,2,sloss,13.456575,7.900743,1.703204,0.066113
without_ttl,2,smean,59.559216,171.053843,0.348190,-0.450493
without_ttl,2,spkts,168.509665,30.190459,5.581554,0.797610
without_ttl,2,swin,254.305745,180.556553,1.408455,0.636144
without_ttl,2,synack,0.029751,0.032020,0.929140,-0.045108
without_ttl,2,tcprtt,0.061403,0.063064,0.973661,-0.018276
without_ttl,2,trans_depth,0.218350,0.166642,1.310295,0.052962
without_ttl,3,ackdat,0.000093,0.031043,0.002992,-0.663587
without_ttl,3,ct_dst_ltm,16.482553,3.096686,5.322642,3.320448
without_ttl,3,ct_dst_sport_ltm,9.810387,1.441934,6.803630,3.992588
without_ttl,3,ct_dst_src_ltm,30.122802,4.025292,7.483382,4.239286
without_ttl,3,ct_flw_http_mthd,0.000270,0.181984,0.001486,-0.313954
without_ttl,3,ct_ftp_cmd,0.000000,0.017310,0.000000,-0.130326
without_ttl,3,ct_src_dport_ltm,15.869895,1.984017,7.998870,4.147611
without_ttl,3,ct_src_ltm,16.636732,3.905532,4.259787,2.552718
without_ttl,3,ct_srv_dst,30.008656,4.784982,6.271425,4.069884
without_ttl,3,ct_srv_src,30.163917,5.094348,5.921056,3.995949
without_ttl,3,dbytes,1.394103,23732.477242,0.000059,-0.132858
without_ttl,3,dinpkt,0.065455,106.294249,0.000616,-0.097522
without_ttl,3,djit,1.345050,822.818710,0.001635,-0.170903
without_ttl,3,dload,27.585945,1089235.616224,0.000025,-0.361411
without_ttl,3,dloss,0.002705,11.006367,0.000246,-0.168169
without_ttl,3,dmean,0.206654,196.520809,0.001052,-0.644936
without_ttl,3,dpkts,0.010820,30.059087,0.000360,-0.220061
without_ttl,3,dttl,0.405734,121.600046,0.003337,-1.044641
without_ttl,3,dur,0.368552,1.355982,0.271797,-0.178832
without_ttl,3,dwin,0.501758,179.166781,0.002801,-1.532806
without_ttl,3,is_sm_ips_ports,0.000000,0.005058,0.000000,-0.071304
without_ttl,3,rate,204343.318048,38690.934353,5.281426,1.420308
without_ttl,3,response_body_len,0.000000,3442.631622,0.000000,-0.049928
without_ttl,3,sbytes,373.949689,13825.409319,0.027048,-0.060420
without_ttl,3,sinpkt,86.107706,433.203393,0.198770,-0.078466
without_ttl,3,sjit,133.975261,5440.630147,0.024625,-0.130525
without_ttl,3,sload,240603292.162628,49681174.104178,4.842947,0.903109
without_ttl,3,sloss,0.101434,7.900743,0.012838,-0.092810
without_ttl,3,smean,175.032188,171.053843,1.023258,0.016074
without_ttl,3,spkts,2.223965,30.190459,0.073665,-0.161267
without_ttl,3,swin,6.138761,180.556553,0.033999,-1.504489
without_ttl,3,synack,0.000088,0.032020,0.002750,-0.634821
without_ttl,3,tcprtt,0.000181,0.063064,0.002869,-0.691883
without_ttl,3,trans_depth,0.000270,0.166642,0.001623,-0.170405
without_ttl,4,ackdat,0.000010,0.031043,0.000329,-0.665359
without_ttl,4,ct_dst_ltm,3.350020,3.096686,1.081808,0.062841
without_ttl,4,ct_dst_sport_ltm,1.081916,1.441934,0.750323,-0.171765
without_ttl,4,ct_dst_src_ltm,2.727026,4.025292,0.677473,-0.210891
without_ttl,4,ct_flw_http_mthd,0.000000,0.181984,0.000000,-0.314421
without_ttl,4,ct_ftp_cmd,0.000000,0.017310,0.000000,-0.130326
without_ttl,4,ct_src_dport_ltm,1.309621,1.984017,0.660085,-0.201437
without_ttl,4,ct_src_ltm,3.893653,3.905532,0.996958,-0.002382
without_ttl,4,ct_srv_dst,4.276327,4.784982,0.893698,-0.082072
without_ttl,4,ct_srv_src,4.251018,5.094348,0.834458,-0.134422
without_ttl,4,dbytes,229.303952,23732.477242,0.009662,-0.131582
without_ttl,4,dinpkt,3.844651,106.294249,0.036170,-0.094052
without_ttl,4,djit,5.509808,822.818710,0.006696,-0.170036
without_ttl,4,dload,532440.914800,1089235.616224,0.488821,-0.184750
without_ttl,4,dloss,0.000479,11.006367,0.000044,-0.168203
without_ttl,4,dmean,78.191058,196.520809,0.397877,-0.388740
without_ttl,4,dpkts,2.683832,30.059087,0.089285,-0.200485
without_ttl,4,dttl,28.165349,121.600046,0.231623,-0.805365
without_ttl,4,dur,2.598649,1.355982,1.916433,0.225058
without_ttl,4,dwin,0.122156,179.166781,0.000682,-1.536063
without_ttl,4,is_sm_ips_ports,0.000000,0.005058,0.000000,-0.071304
without_ttl,4,rate,2255.889084,38690.934353,0.058305,-0.312395
without_ttl,4,response_body_len,0.000000,3442.631622,0.000000,-0.049928
without_ttl,4,sbytes,837.356168,13825.409319,0.060566,-0.058338
without_ttl,4,sinpkt,222.235603,433.203393,0.513005,-0.047693
without_ttl,4,sjit,226.166935,5440.630147,0.041570,-0.128258
without_ttl,4,sload,579204.528984,49681174.104178,0.011658,-0.232264
without_ttl,4,sloss,0.051737,7.900743,0.006548,-0.093401
without_ttl,4,smean,101.344112,171.053843,0.592469,-0.281661
without_ttl,4,spkts,5.811976,30.190459,0.192510,-0.140577
without_ttl,4,swin,2.687425,180.556553,0.014884,-1.534259
without_ttl,4,synack,0.000013,0.032020,0.000397,-0.636319
without_ttl,4,tcprtt,0.000023,0.063064,0.000364,-0.693622
without_ttl,4,trans_depth,0.000000,0.166642,0.000000,-0.170682
without_ttl,5,ackdat,0.043751,0.031043,1.409346,0.272452
without_ttl,5,ct_dst_ltm,2.147509,3.096686,0.693486,-0.235449
without_ttl,5,ct_dst_sport_ltm,1.051347,1.441934,0.729123,-0.186349
without_ttl,5,ct_dst_src_ltm,1.866476,4.025292,0.463687,-0.350679
without_ttl,5,ct_flw_http_mthd,1.217027,0.181984,6.687536,1.788284
without_ttl,5,ct_ftp_cmd,0.000000,0.017310,0.000000,-0.130326
without_ttl,5,ct_src_dport_ltm,1.231115,1.984017,0.620516,-0.224886
without_ttl,5,ct_src_ltm,2.894243,3.905532,0.741062,-0.202772
without_ttl,5,ct_srv_dst,1.748571,4.784982,0.365429,-0.489930
without_ttl,5,ct_srv_src,1.866068,5.094348,0.366302,-0.514570
without_ttl,5,dbytes,9479.752756,23732.477242,0.399442,-0.079794
without_ttl,5,dinpkt,111.978148,106.294249,1.053473,0.005218
without_ttl,5,djit,4162.889602,822.818710,5.059304,0.694881
without_ttl,5,dload,98482.482199,1089235.616224,0.090414,-0.328742
without_ttl,5,dloss,4.811454,11.006367,0.437152,-0.094677
without_ttl,5,dmean,436.954165,196.520809,2.223450,0.789877
without_ttl,5,dpkts,15.315639,30.059087,0.509518,-0.107975
without_ttl,5,dttl,182.919559,121.600046,1.504272,0.528547
without_ttl,5,dur,1.199635,1.355982,0.884698,-0.028316
without_ttl,5,dwin,255.000000,179.166781,1.423255,0.650590
without_ttl,5,is_sm_ips_ports,0.000000,0.005058,0.000000,-0.071304
without_ttl,5,rate,46.667673,38690.934353,0.001206,-0.331337
without_ttl,5,response_body_len,4116.018069,3442.631622,1.195602,0.009766
without_ttl,5,sbytes,1336.312474,13825.409319,0.096656,-0.056097
without_ttl,5,sinpkt,125.236676,433.203393,0.289094,-0.069621
without_ttl,5,sjit,9863.767074,5440.630147,1.812982,0.108794
without_ttl,5,sload,17370.058246,49681174.104178,0.000350,-0.234922
without_ttl,5,sloss,2.462536,7.900743,0.311684,-0.064713
without_ttl,5,smean,104.163740,171.053843,0.608953,-0.270269
without_ttl,5,spkts,11.718048,30.190459,0.388137,-0.106520
without_ttl,5,swin,255.000000,180.556553,1.412300,0.642132
without_ttl,5,synack,0.041882,0.032020,1.307980,0.196051
without_ttl,5,tcprtt,0.085633,0.063064,1.357878,0.248322
without_ttl,5,trans_depth,1.070131,0.166642,6.421738,0.925392
without_ttl,6,ackdat,0.000220,0.031043,0.007103,-0.660851
without_ttl,6,ct_dst_ltm,3.798037,3.096686,1.226484,0.173974
without_ttl,6,ct_dst_sport_ltm,1.002724,1.441934,0.695402,-0.209547
without_ttl,6,ct_dst_src_ltm,2.825889,4.025292,0.702033,-0.194831
without_ttl,6,ct_flw_http_mthd,0.023343,0.181984,0.128270,-0.274091
without_ttl,6,ct_ftp_cmd,0.000000,0.017310,0.000000,-0.130326
without_ttl,6,ct_src_dport_ltm,1.621248,1.984017,0.817154,-0.108356
without_ttl,6,ct_src_ltm,4.558687,3.905532,1.167238,0.130963
without_ttl,6,ct_srv_dst,5.830210,4.784982,1.218439,0.168649
without_ttl,6,ct_srv_src,6.145789,5.094348,1.206394,0.167594
without_ttl,6,dbytes,21461.395707,23732.477242,0.904305,-0.012715
without_ttl,6,dinpkt,4.733411,106.294249,0.044531,-0.093236
without_ttl,6,djit,128.825767,822.818710,0.156566,-0.144381
without_ttl,6,dload,4866605.706470,1089235.616224,4.467909,1.253372
without_ttl,6,dloss,14.139496,11.006367,1.284665,0.047884
without_ttl,6,dmean,404.521018,196.520809,2.058413,0.683327
without_ttl,6,dpkts,42.999577,30.059087,1.430502,0.094771
without_ttl,6,dttl,29.433892,121.600046,0.242055,-0.794431
without_ttl,6,dur,0.138622,1.355982,0.102230,-0.220475
without_ttl,6,dwin,255.000000,179.166781,1.423255,0.650590
without_ttl,6,is_sm_ips_ports,0.000000,0.005058,0.000000,-0.071304
without_ttl,6,rate,3025.983906,38690.934353,0.078209,-0.305792
without_ttl,6,response_body_len,1.931145,3442.631622,0.000561,-0.049900
without_ttl,6,sbytes,4858.090085,13825.409319,0.351389,-0.040278
without_ttl,6,sinpkt,4.723401,433.203393,0.010903,-0.096865
without_ttl,6,sjit,311.960957,5440.630147,0.057339,-0.126147
without_ttl,6,sload,1506996.444062,49681174.104178,0.030333,-0.227876
without_ttl,6,sloss,7.783664,7.900743,0.985181,-0.001393
without_ttl,6,smean,129.231412,171.053843,0.755501,-0.168983
without_ttl,6,spkts,42.422103,30.190459,1.405149,0.070533
without_ttl,6,swin,255.000000,180.556553,1.412300,0.642132
without_ttl,6,synack,0.000679,0.032020,0.021196,-0.623079
without_ttl,6,tcprtt,0.000899,0.063064,0.014258,-0.683980
without_ttl,6,trans_depth,0.023296,0.166642,0.139798,-0.146821
without_ttl,7,ackdat,0.000000,0.031043,0.000000,-0.665578
without_ttl,7,ct_dst_ltm,1.590826,3.096686,0.513719,-0.373538
without_ttl,7,ct_dst_sport_ltm,1.590826,1.441934,1.103258,0.071036
without_ttl,7,ct_dst_src_ltm,1.853211,4.025292,0.460392,-0.352833
without_ttl,7,ct_flw_http_mthd,0.000000,0.181984,0.000000,-0.314421
without_ttl,7,ct_ftp_cmd,0.000000,0.017310,0.000000,-0.130326
without_ttl,7,ct_src_dport_ltm,1.574312,1.984017,0.793497,-0.122376
without_ttl,7,ct_src_ltm,1.574312,3.905532,0.403098,-0.467430
without_ttl,7,ct_srv_dst,1.981651,4.784982,0.414140,-0.452322
without_ttl,7,ct_srv_src,1.853211,5.094348,0.363778,-0.516619
without_ttl,7,dbytes,0.000000,23732.477242,0.000000,-0.132866
without_ttl,7,dinpkt,0.000000,106.294249,0.000000,-0.097582
without_ttl,7,djit,0.000000,822.818710,0.000000,-0.171182
without_ttl,7,dload,0.000000,1089235.616224,0.000000,-0.361420
without_ttl,7,dloss,0.000000,11.006367,0.000000,-0.168210
without_ttl,7,dmean,0.000000,196.520809,0.000000,-0.645615
without_ttl,7,dpkts,0.000000,30.059087,0.000000,-0.220140
without_ttl,7,dttl,0.000000,121.600046,0.000000,-1.048138
without_ttl,7,dur,8.695945,1.355982,6.413022,1.329332
without_ttl,7,dwin,0.000000,179.166781,0.000000,-1.537111
without_ttl,7,is_sm_ips_ports,1.000000,0.005058,197.688073,14.024553
without_ttl,7,rate,159.857820,38690.934353,0.004132,-0.330367
without_ttl,7,response_body_len,0.000000,3442.631622,0.000000,-0.049928
without_ttl,7,sbytes,53.827523,13825.409319,0.003893,-0.061858
without_ttl,7,sinpkt,59119.785640,433.203393,136.471197,13.267023
without_ttl,7,sjit,6.741024,5440.630147,0.001239,-0.133655
without_ttl,7,sload,54991.148650,49681174.104178,0.001107,-0.234744
without_ttl,7,sloss,0.003670,7.900743,0.000464,-0.093973
without_ttl,7,smean,45.988991,171.053843,0.268857,-0.505323
without_ttl,7,spkts,1.170642,30.190459,0.038775,-0.167341
without_ttl,7,swin,0.935780,180.556553,0.005183,-1.549368
without_ttl,7,synack,0.000000,0.032020,0.000000,-0.636572
without_ttl,7,tcprtt,0.000000,0.063064,0.000000,-0.693874
without_ttl,7,trans_depth,0.000000,0.166642,0.000000,-0.170682
without_ttl,8,ackdat,0.035589,0.031043,1.146429,0.097460
without_ttl,8,ct_dst_ltm,3.166938,3.096686,1.022686,0.017426
without_ttl,8,ct_dst_sport_ltm,1.002710,1.441934,0.695392,-0.209554
without_ttl,8,ct_dst_src_ltm,3.201626,4.025292,0.795377,-0.133797
without_ttl,8,ct_flw_http_mthd,0.000000,0.181984,0.000000,-0.314421
without_ttl,8,ct_ftp_cmd,1.010298,0.017310,58.364353,7.476077
without_ttl,8,ct_src_dport_ltm,1.022222,1.984017,0.515229,-0.287281
without_ttl,8,ct_src_ltm,3.979946,3.905532,1.019053,0.014921
without_ttl,8,ct_srv_dst,1.194038,4.784982,0.249539,-0.579405
without_ttl,8,ct_srv_src,1.234146,5.094348,0.242258,-0.615294
without_ttl,8,dbytes,2536.498645,23732.477242,0.106879,-0.118665
without_ttl,8,dinpkt,86.675946,106.294249,0.815434,-0.018010
without_ttl,8,djit,2455.128817,822.818710,2.983803,0.339592
without_ttl,8,dload,144460.279494,1089235.616224,0.132625,-0.313487
without_ttl,8,dloss,11.108401,11.006367,1.009270,0.001559
without_ttl,8,dmean,71.138753,196.520809,0.361991,-0.411908
without_ttl,8,dpkts,35.665041,30.059087,1.186498,0.041056
without_ttl,8,dttl,149.383740,121.600046,1.228484,0.239483
without_ttl,8,dur,2.108646,1.355982,1.555069,0.136314
without_ttl,8,dwin,255.000000,179.166781,1.423255,0.650590
without_ttl,8,is_sm_ips_ports,0.000000,0.005058,0.000000,-0.071304
without_ttl,8,rate,516.827336,38690.934353,0.013358,-0.327306
without_ttl,8,response_body_len,0.000000,3442.631622,0.000000,-0.049928
without_ttl,8,sbytes,2612.086721,13825.409319,0.188934,-0.050367
without_ttl,8,sinpkt,83.131746,433.203393,0.191900,-0.079139
without_ttl,8,sjit,5756.180480,5440.630147,1.057999,0.007761
without_ttl,8,sload,117028.908546,49681174.104178,0.002356,-0.234451
without_ttl,8,sloss,8.695393,7.900743,1.100579,0.009456
without_ttl,8,smean,65.748509,171.053843,0.384373,-0.425485
without_ttl,8,spkts,35.717073,30.190459,1.183058,0.031869
without_ttl,8,swin,255.000000,180.556553,1.412300,0.642132
without_ttl,8,synack,0.034916,0.032020,1.090438,0.057570
without_ttl,8,tcprtt,0.070505,0.063064,1.117999,0.081877
without_ttl,8,trans_depth,0.000000,0.166642,0.000000,-0.170682
without_ttl,9,ackdat,0.060182,0.031043,1.938657,0.624750
without_ttl,9,ct_dst_ltm,1.990998,3.096686,0.642945,-0.274273
without_ttl,9,ct_dst_sport_ltm,1.024795,1.441934,0.710708,-0.199017
without_ttl,9,ct_dst_src_ltm,2.229154,4.025292,0.553787,-0.291765
without_ttl,9,ct_flw_http_mthd,0.187934,0.181984,1.032695,0.010280
without_ttl,9,ct_ftp_cmd,0.000000,0.017310,0.000000,-0.130326
without_ttl,9,ct_src_dport_ltm,1.093493,1.984017,0.551151,-0.265993
without_ttl,9,ct_src_ltm,2.352179,3.905532,0.602269,-0.311461
without_ttl,9,ct_srv_dst,1.798484,4.784982,0.375860,-0.481877
without_ttl,9,ct_srv_src,2.164719,5.094348,0.424926,-0.466966
without_ttl,9,dbytes,2854.316961,23732.477242,0.120271,-0.116886
without_ttl,9,dinpkt,114.429230,106.294249,1.076533,0.007468
without_ttl,9,djit,273.033789,822.818710,0.331827,-0.114379
without_ttl,9,dload,12131.803960,1089235.616224,0.011138,-0.357395
without_ttl,9,dloss,4.956412,11.006367,0.450322,-0.092461
without_ttl,9,dmean,67.592704,196.520809,0.343947,-0.423558
without_ttl,9,dpkts,40.332596,30.059087,1.341777,0.075239
without_ttl,9,dttl,222.780006,121.600046,1.832072,0.872126
without_ttl,9,dur,3.398229,1.355982,2.506101,0.369869
without_ttl,9,dwin,253.751579,179.166781,1.416287,0.639879
without_ttl,9,is_sm_ips_ports,0.000000,0.005058,0.000000,-0.071304
without_ttl,9,rate,71.186142,38690.934353,0.001840,-0.331127
without_ttl,9,response_body_len,3.445199,3442.631622,0.001001,-0.049878
without_ttl,9,sbytes,200751.852021,13825.409319,14.520500,0.839614
without_ttl,9,sinpkt,44.247272,433.203393,0.102140,-0.087930
without_ttl,9,sjit,5167.502231,5440.630147,0.949798,-0.006718
without_ttl,9,sload,394012.384927,49681174.104178,0.007931,-0.233140
without_ttl,9,sloss,79.786008,7.900743,10.098545,0.855416
without_ttl,9,smean,934.753159,171.053843,5.464672,3.085718
without_ttl,9,spkts,167.671826,30.190459,5.553802,0.792779
without_ttl,9,swin,253.751579,180.556553,1.405386,0.631364
without_ttl,9,synack,0.061425,0.032020,1.918309,0.584570
without_ttl,9,tcprtt,0.121607,0.063064,1.928325,0.644140
without_ttl,9,trans_depth,0.162034,0.166642,0.972349,-0.004720
